epoch,train_loss,test_loss,acc_r,r2,acc_c,bal_acc,precision,recall,f1,auc
0,0.0003820894053205848,0.008858594112098217,0.909241553744979,0.9911454071925876,1.0,1.0,1.0,1.0,1.0,
