epoch,train_loss,test_loss,acc_r,r2,acc_c,bal_acc,precision,recall,f1,auc
0,0.0015138741582632065,0.007532121613621712,0.9309661657854552,0.9924754134575184,1.0,1.0,1.0,1.0,1.0,
