epoch,train_loss,test_loss,acc_r,r2,acc_c,bal_acc,precision,recall,f1,auc
0,0.001930230064317584,0.0075222402811050415,0.9184954041168591,0.992474334629354,1.0,1.0,1.0,1.0,1.0,
