epoch,train_loss,test_loss,acc,r2
0,0.0023328042589128017,0.07434649020433426,0.8101890877301964,0.9255830897756612
