epoch,train_loss,test_loss,acc,r2
0,0.005385994911193848,0.02961760386824608,0.8385549336095011,0.970391107374622
