epoch,train_loss,test_loss,acc,r2
0,0.0006207421538420022,0.009920014068484306,0.9175466338281809,0.9900706268004934
