epoch,train_loss,test_loss,acc,r2
0,0.0023145796731114388,0.054455436766147614,0.7801245084664326,0.9455652321634241
