epoch,train_loss,test_loss,acc,r2
0,0.0007843054481782019,0.05405208840966225,0.7862584468103005,0.9459687498915894
