epoch,train_loss,test_loss,acc,r2
0,0.0012718533398583531,0.03985507786273956,0.8232156428826896,0.960213362403182
