epoch,train_loss,test_loss,acc,r2
0,0.0001394627324771136,0.027729259803891182,0.8645094053206905,0.9722945773216985
