epoch,train_loss,test_loss,acc,r2
0,0.005240477621555328,0.05968545377254486,0.8227073283227375,0.9403874999358752
