epoch,train_loss,test_loss,acc,r2
0,0.0023977707605808973,0.033765096217393875,0.8472393305614742,0.9662349045878709
