epoch,train_loss,test_loss,acc,r2
0,0.0006811729399487376,0.030080579221248627,0.8536681796470759,0.9698551028382545
