epoch,train_loss,test_loss,acc_r,r2,acc_c,bal_acc,precision,recall,f1,auc
0,0.0034030477982014418,0.020588498562574387,0.8913306589631393,0.9794451122802386,0.7796852646638054,0.5,0.3898426323319027,0.5,0.43810289389067525,0.5
