epoch,train_loss,test_loss,acc_r,r2,acc_c,bal_acc,precision,recall,f1,auc
0,0.0010714431991800666,0.011329486034810543,0.8995054085023941,0.98866758900304,0.49548387096774194,0.5,0.24774193548387097,0.5,0.33132010353753233,0.5
