epoch,train_loss,test_loss,acc_r,r2,acc_c,bal_acc,precision,recall,f1,auc
0,0.003380141220986843,0.0533144474029541,0.7880437846796705,0.9466841371490545,1.0,1.0,1.0,1.0,1.0,
