epoch,train_loss,test_loss,acc,r2
0,0.0007038914482109249,0.0042858244851231575,0.9518050704463835,0.9957292390638782
