epoch,train_loss,test_loss,acc,r2
0,0.0005433310871012509,0.010157586075365543,0.9190331453963664,0.9898376651174433
