epoch,train_loss,test_loss,acc,r2
0,0.0005061330739408731,0.0026757169980555773,0.953460878314394,0.9973242848810523
