epoch,train_loss,test_loss,acc_r,r2,acc_c,bal_acc,precision,recall,f1,auc
0,0.00020683628099504858,0.018768325448036194,0.891624243303771,0.9812365437781861,1.0,1.0,1.0,1.0,1.0,
