epoch,train_loss,test_loss,acc_r,r2,acc_c,bal_acc,precision,recall,f1,auc
0,0.0007698317058384418,0.014928397722542286,0.9131643300753268,0.9850621674327249,1.0,1.0,1.0,1.0,1.0,
