epoch,train_loss,test_loss,acc_r,r2,acc_c,bal_acc,precision,recall,f1,auc
0,0.002015393925830722,0.015250285156071186,0.8975253249659683,0.9847497150151416,1.0,1.0,1.0,1.0,1.0,
