epoch,train_loss,test_loss,acc_r,r2,acc_c,bal_acc,precision,recall,f1,auc
0,0.0007457610918208957,0.00016843166667968035,0.9908875366949266,0.9998313614437657,1.0,1.0,1.0,1.0,1.0,
