epoch,train_loss,test_loss,acc_r,r2,acc_c,bal_acc,precision,recall,f1,auc
0,0.0020838265772908926,0.0080556096509099,0.9242951357603756,0.9919486241673102,1.0,1.0,1.0,1.0,1.0,
