epoch,train_loss,test_loss,acc_r,r2,acc_c,bal_acc,precision,recall,f1,auc
0,0.0006995847215875983,0.008330387994647026,0.9283554143635536,0.9916526725868774,1.0,1.0,1.0,1.0,1.0,
