epoch,train_loss,test_loss,acc_r,r2,acc_c,bal_acc,precision,recall,f1,auc
0,0.0006228802958503366,0.0016858691815286875,0.9769874186541216,0.9983225940175844,1.0,1.0,1.0,1.0,1.0,
