epoch,train_loss,test_loss,acc,r2
0,0.0014458956429734826,0.00850566104054451,0.909012249262646,0.991494342534229
