epoch,train_loss,test_loss,acc,r2
0,0.00019019513274542987,0.010294964537024498,0.931932569848686,0.989727169859643
