epoch,train_loss,test_loss,acc,r2
0,0.0016184586565941572,0.000804961018729955,0.9755902124220325,0.9991955521798903
