epoch,train_loss,test_loss,acc,r2
0,0.00021937015117146075,0.010421627201139927,0.91820747146279,0.9895856295191338
