epoch,train_loss,test_loss,acc,r2
0,5.343247903510928e-05,0.0010067061521112919,0.9711085012557968,0.9989928399935835
