epoch,train_loss,test_loss,acc,r2
0,0.000166810437804088,0.0035345680080354214,0.9528544556860831,0.9964582250009175
