epoch,train_loss,test_loss,acc_r,r2,acc_c,bal_acc,precision,recall,f1,auc
0,0.0008361252257600427,0.0342363566160202,0.873533409893598,0.9657212886346427,0.7796852646638054,0.5,0.3898426323319027,0.5,0.43810289389067525,0.5
