epoch,train_loss,test_loss,acc_r,r2,acc_c,bal_acc,precision,recall,f1,auc
0,0.0010538644855841994,0.007495340891182423,0.9159093760480784,0.9925046583618781,1.0,1.0,1.0,1.0,1.0,
