epoch,train_loss,test_loss,acc_r,r2,acc_c,bal_acc,precision,recall,f1,auc
0,0.0011285408399999142,0.0021895389072597027,0.9589876069904009,0.9978080943465021,1.0,1.0,1.0,1.0,1.0,
