epoch,train_loss,test_loss,acc_r,r2,acc_c,bal_acc,precision,recall,f1,auc
0,0.0046012867242097855,0.022763794288039207,0.8890943564138105,0.9772216403099798,1.0,1.0,1.0,1.0,1.0,
