epoch,train_loss,test_loss,acc_r,r2,acc_c,bal_acc,precision,recall,f1,auc
0,0.0009952810360118747,0.0021584497299045324,0.9569487602882136,0.9978394812228633,1.0,1.0,1.0,1.0,1.0,
