epoch,train_loss,test_loss,acc_r,r2,acc_c,bal_acc,precision,recall,f1,auc
0,0.00027569252415560186,0.010248934850096703,0.9189936088793206,0.9897510624895192,0.9994949494949495,0.9994949494949495,0.5,0.4997474747474748,0.4998737054811821,
