epoch,train_loss,test_loss,acc_r,r2,acc_c,bal_acc,precision,recall,f1,auc
0,0.0010217322269454598,0.021104348823428154,0.8643197013895634,0.9788945555475211,0.6163410301953819,0.5,0.30817051509769094,0.5,0.3813186813186813,0.5
