epoch,train_loss,test_loss,acc_r,r2,acc_c,bal_acc,precision,recall,f1,auc
0,0.00048665126087144017,0.006738245487213135,0.9353604494572533,0.9932518737989463,0.9120781527531083,0.5,0.45603907637655416,0.5,0.4770088248954947,0.5
