epoch,train_loss,test_loss,acc_r,r2,acc_c,bal_acc,precision,recall,f1,auc
0,0.0003011350054293871,0.006746466271579266,0.9306730636442551,0.993253534490412,1.0,1.0,1.0,1.0,1.0,
