epoch,train_loss,test_loss,acc,r2
0,0.0014869171427562833,0.04032542556524277,0.8795277782434728,0.9597428721590274
