epoch,train_loss,test_loss,acc,r2
0,0.0006840863497927785,0.008849477395415306,0.9491563055062167,0.9911364856875811
