epoch,train_loss,test_loss,acc,r2
0,0.0009747353615239263,0.003035519504919648,0.9483618531322753,0.9969642681515319
