epoch,train_loss,test_loss,acc,r2
0,0.0013279544655233622,0.03989670053124428,0.8466358223346748,0.9601033181855173
