epoch,train_loss,test_loss,acc,r2
0,0.0017599937273189425,0.00378656224347651,0.9423204268245655,0.9962087859255556
